row_id,treatment,group,toward_counterarg,certainty,counterarg_keyword,supportive_keyword,arm_code,treat,arm
1,1.0,pro,2.0,81.0,0,0,1,1,Op-ed + chatbot
2,0.0,pro,3.0,76.0,0,0,0,0,Placebo + chatbot
3,0.0,pro,2.0,90.0,1,0,0,0,Placebo + chatbot
4,1.0,pro,1.0,100.0,1,0,1,1,Op-ed + chatbot
5,1.0,pro,4.0,73.0,0,0,1,1,Op-ed + chatbot
6,0.0,pro,1.0,100.0,0,0,0,0,Placebo + chatbot
7,1.0,anti,4.0,75.0,0,0,1,1,Op-ed + chatbot
8,1.0,pro,2.0,73.0,0,0,1,1,Op-ed + chatbot
9,1.0,pro,4.0,65.0,1,0,1,1,Op-ed + chatbot
10,1.0,pro,4.0,50.0,0,0,1,1,Op-ed + chatbot
11,0.0,pro,5.0,60.0,0,0,0,0,Placebo + chatbot
12,1.0,pro,1.0,100.0,0,0,1,1,Op-ed + chatbot
13,0.0,pro,5.0,60.0,0,0,0,0,Placebo + chatbot
14,1.0,anti,3.0,91.0,0,0,1,1,Op-ed + chatbot
15,1.0,pro,3.0,75.0,1,1,1,1,Op-ed + chatbot
16,1.0,pro,1.0,100.0,1,0,1,1,Op-ed + chatbot
17,0.0,pro,1.0,98.0,0,0,0,0,Placebo + chatbot
18,0.0,pro,2.0,55.0,0,0,0,0,Placebo + chatbot
19,0.0,anti,4.0,5.0,0,0,0,0,Placebo + chatbot
20,1.0,pro,3.0,75.0,0,1,1,1,Op-ed + chatbot
21,0.0,pro,5.0,98.0,0,0,0,0,Placebo + chatbot
22,0.0,pro,2.0,100.0,0,0,0,0,Placebo + chatbot
23,1.0,pro,3.0,80.0,1,0,1,1,Op-ed + chatbot
24,1.0,pro,4.0,65.0,0,0,1,1,Op-ed + chatbot
25,0.0,pro,4.0,60.0,0,0,0,0,Placebo + chatbot
26,1.0,pro,2.0,80.0,0,1,1,1,Op-ed + chatbot
27,0.0,pro,2.0,80.0,0,0,0,0,Placebo + chatbot
28,1.0,pro,4.0,60.0,0,0,1,1,Op-ed + chatbot
29,1.0,pro,6.0,53.0,0,1,1,1,Op-ed + chatbot
30,0.0,pro,3.0,98.0,0,0,0,0,Placebo + chatbot
31,0.0,pro,3.0,59.0,0,0,0,0,Placebo + chatbot
32,1.0,pro,4.0,64.0,1,1,1,1,Op-ed + chatbot
33,0.0,pro,2.0,90.0,0,0,0,0,Placebo + chatbot
34,1.0,pro,1.0,100.0,1,0,1,1,Op-ed + chatbot
35,0.0,pro,3.0,71.0,0,0,0,0,Placebo + chatbot
36,1.0,pro,1.0,100.0,0,0,1,1,Op-ed + chatbot
37,0.0,pro,3.0,61.0,0,0,0,0,Placebo + chatbot
38,1.0,pro,6.0,80.0,0,1,1,1,Op-ed + chatbot
39,0.0,pro,3.0,72.0,0,0,0,0,Placebo + chatbot
40,0.0,pro,5.0,58.0,0,0,0,0,Placebo + chatbot
41,0.0,anti,4.0,100.0,0,0,0,0,Placebo + chatbot
42,0.0,pro,2.0,69.0,0,0,0,0,Placebo + chatbot
43,0.0,anti,5.0,91.0,0,0,0,0,Placebo + chatbot
44,1.0,pro,3.0,66.0,0,0,1,1,Op-ed + chatbot
45,1.0,pro,2.0,77.0,0,0,1,1,Op-ed + chatbot
46,1.0,pro,4.0,70.0,0,0,1,1,Op-ed + chatbot
47,1.0,pro,3.0,44.0,0,0,1,1,Op-ed + chatbot
48,1.0,pro,5.0,75.0,0,0,1,1,Op-ed + chatbot
49,1.0,pro,5.0,70.0,0,0,1,1,Op-ed + chatbot
50,1.0,anti,2.0,75.0,0,1,1,1,Op-ed + chatbot
51,1.0,pro,3.0,71.0,1,0,1,1,Op-ed + chatbot
52,1.0,pro,2.0,25.0,1,1,1,1,Op-ed + chatbot
53,1.0,pro,3.0,75.0,1,1,1,1,Op-ed + chatbot
54,1.0,pro,4.0,65.0,1,0,1,1,Op-ed + chatbot
55,0.0,pro,3.0,91.0,0,0,0,0,Placebo + chatbot
56,1.0,pro,6.0,55.0,0,0,1,1,Op-ed + chatbot
57,0.0,anti,3.0,80.0,1,1,0,0,Placebo + chatbot
58,1.0,pro,3.0,36.0,0,0,1,1,Op-ed + chatbot
59,0.0,pro,5.0,84.0,0,0,0,0,Placebo + chatbot
60,0.0,pro,2.0,82.0,0,0,0,0,Placebo + chatbot
61,1.0,pro,2.0,69.0,0,0,1,1,Op-ed + chatbot
62,1.0,pro,2.0,77.0,0,1,1,1,Op-ed + chatbot
63,0.0,anti,1.0,100.0,0,0,0,0,Placebo + chatbot
64,0.0,pro,2.0,98.0,1,0,0,0,Placebo + chatbot
65,0.0,pro,3.0,60.0,0,0,0,0,Placebo + chatbot
66,0.0,pro,2.0,90.0,0,0,0,0,Placebo + chatbot
67,0.0,pro,1.0,96.0,0,0,0,0,Placebo + chatbot
68,1.0,anti,5.0,60.0,0,0,1,1,Op-ed + chatbot
69,0.0,pro,2.0,100.0,0,1,0,0,Placebo + chatbot
70,0.0,pro,2.0,90.0,1,1,0,0,Placebo + chatbot
71,0.0,pro,2.0,80.0,0,0,0,0,Placebo + chatbot
72,1.0,pro,3.0,75.0,1,1,1,1,Op-ed + chatbot
73,0.0,pro,2.0,91.0,0,0,0,0,Placebo + chatbot
74,1.0,pro,2.0,90.0,0,0,1,1,Op-ed + chatbot
75,0.0,pro,2.0,99.0,0,0,0,0,Placebo + chatbot
76,1.0,pro,3.0,70.0,1,1,1,1,Op-ed + chatbot
77,0.0,pro,1.0,81.0,0,0,0,0,Placebo + chatbot
78,1.0,pro,2.0,75.0,0,0,1,1,Op-ed + chatbot
79,0.0,pro,1.0,99.0,0,0,0,0,Placebo + chatbot
80,1.0,pro,5.0,49.0,1,0,1,1,Op-ed + chatbot
81,0.0,pro,3.0,75.0,0,0,0,0,Placebo + chatbot
82,1.0,pro,2.0,88.0,1,0,1,1,Op-ed + chatbot
83,1.0,anti,5.0,71.0,0,0,1,1,Op-ed + chatbot
84,1.0,anti,4.0,80.0,0,1,1,1,Op-ed + chatbot
85,1.0,pro,3.0,50.0,1,0,1,1,Op-ed + chatbot
86,1.0,pro,2.0,78.0,0,1,1,1,Op-ed + chatbot
87,1.0,pro,4.0,90.0,0,1,1,1,Op-ed + chatbot
88,0.0,pro,6.0,80.0,0,0,0,0,Placebo + chatbot
89,0.0,pro,2.0,72.0,0,0,0,0,Placebo + chatbot
90,0.0,pro,5.0,74.0,0,0,0,0,Placebo + chatbot
91,0.0,pro,2.0,80.0,1,0,0,0,Placebo + chatbot
92,1.0,pro,1.0,100.0,0,1,1,1,Op-ed + chatbot
93,0.0,pro,3.0,75.0,0,0,0,0,Placebo + chatbot
94,0.0,pro,3.0,75.0,0,0,0,0,Placebo + chatbot
95,1.0,pro,2.0,71.0,0,0,1,1,Op-ed + chatbot
96,0.0,pro,2.0,75.0,0,0,0,0,Placebo + chatbot
97,1.0,pro,3.0,82.0,0,1,1,1,Op-ed + chatbot
98,0.0,pro,1.0,100.0,0,0,0,0,Placebo + chatbot
99,1.0,pro,1.0,100.0,0,1,1,1,Op-ed + chatbot
100,1.0,pro,2.0,75.0,1,1,1,1,Op-ed + chatbot
101,0.0,pro,2.0,85.0,1,0,0,0,Placebo + chatbot
102,1.0,anti,5.0,56.0,1,1,1,1,Op-ed + chatbot
103,0.0,pro,2.0,88.0,0,0,0,0,Placebo + chatbot
104,1.0,pro,1.0,100.0,0,0,1,1,Op-ed + chatbot
105,0.0,pro,6.0,75.0,0,0,0,0,Placebo + chatbot
106,1.0,pro,4.0,48.0,0,0,1,1,Op-ed + chatbot
107,0.0,pro,3.0,70.0,0,0,0,0,Placebo + chatbot
108,1.0,pro,1.0,71.0,0,0,1,1,Op-ed + chatbot
109,1.0,pro,3.0,70.0,1,1,1,1,Op-ed + chatbot
110,1.0,anti,5.0,64.0,0,1,1,1,Op-ed + chatbot
111,0.0,pro,1.0,86.0,0,0,0,0,Placebo + chatbot
112,0.0,pro,2.0,30.0,1,0,0,0,Placebo + chatbot
113,1.0,pro,5.0,65.0,1,1,1,1,Op-ed + chatbot
114,1.0,pro,2.0,90.0,1,1,1,1,Op-ed + chatbot
115,1.0,anti,1.0,100.0,0,0,1,1,Op-ed + chatbot
116,0.0,pro,2.0,85.0,0,0,0,0,Placebo + chatbot
117,1.0,anti,3.0,93.0,0,0,1,1,Op-ed + chatbot
118,1.0,pro,5.0,76.0,1,1,1,1,Op-ed + chatbot
119,1.0,pro,3.0,70.0,1,1,1,1,Op-ed + chatbot
120,1.0,anti,4.0,90.0,0,0,1,1,Op-ed + chatbot
121,1.0,pro,3.0,60.0,1,1,1,1,Op-ed + chatbot
122,1.0,pro,6.0,90.0,1,1,1,1,Op-ed + chatbot
123,0.0,pro,3.0,20.0,0,0,0,0,Placebo + chatbot
124,0.0,pro,3.0,65.0,1,0,0,0,Placebo + chatbot
125,1.0,pro,7.0,91.0,1,1,1,1,Op-ed + chatbot
126,0.0,pro,1.0,100.0,0,0,0,0,Placebo + chatbot
127,1.0,pro,6.0,81.0,0,0,1,1,Op-ed + chatbot
128,0.0,pro,3.0,100.0,0,0,0,0,Placebo + chatbot
129,0.0,pro,2.0,100.0,0,0,0,0,Placebo + chatbot
130,0.0,pro,3.0,70.0,0,0,0,0,Placebo + chatbot
131,0.0,pro,2.0,80.0,0,0,0,0,Placebo + chatbot
132,1.0,pro,5.0,45.0,0,1,1,1,Op-ed + chatbot
133,1.0,pro,3.0,55.0,0,0,1,1,Op-ed + chatbot
134,0.0,pro,3.0,42.0,0,0,0,0,Placebo + chatbot
135,0.0,pro,1.0,100.0,0,0,0,0,Placebo + chatbot
136,1.0,pro,3.0,62.0,0,0,1,1,Op-ed + chatbot
137,0.0,pro,1.0,100.0,0,0,0,0,Placebo + chatbot
138,1.0,pro,2.0,91.0,0,0,1,1,Op-ed + chatbot
139,1.0,pro,3.0,71.0,0,0,1,1,Op-ed + chatbot
140,0.0,pro,1.0,100.0,0,1,0,0,Placebo + chatbot
141,0.0,pro,3.0,70.0,0,0,0,0,Placebo + chatbot
142,0.0,pro,3.0,35.0,0,0,0,0,Placebo + chatbot
143,0.0,anti,4.0,90.0,0,1,0,0,Placebo + chatbot
144,1.0,pro,2.0,81.0,0,0,1,1,Op-ed + chatbot
145,1.0,pro,2.0,79.0,1,0,1,1,Op-ed + chatbot
146,0.0,pro,2.0,74.0,0,0,0,0,Placebo + chatbot
147,1.0,pro,3.0,54.0,1,0,1,1,Op-ed + chatbot
148,1.0,pro,7.0,95.0,1,1,1,1,Op-ed + chatbot
149,1.0,pro,3.0,60.0,0,0,1,1,Op-ed + chatbot
150,1.0,pro,4.0,50.0,1,1,1,1,Op-ed + chatbot
151,0.0,pro,5.0,53.0,0,0,0,0,Placebo + chatbot
152,0.0,pro,1.0,83.0,0,0,0,0,Placebo + chatbot
153,1.0,anti,6.0,90.0,0,0,1,1,Op-ed + chatbot
154,0.0,pro,2.0,100.0,0,0,0,0,Placebo + chatbot
155,1.0,pro,5.0,70.0,1,0,1,1,Op-ed + chatbot
156,1.0,pro,4.0,80.0,0,0,1,1,Op-ed + chatbot
157,1.0,pro,1.0,90.0,0,0,1,1,Op-ed + chatbot
158,1.0,anti,4.0,81.0,0,1,1,1,Op-ed + chatbot
159,0.0,pro,1.0,84.0,0,0,0,0,Placebo + chatbot
160,1.0,pro,3.0,75.0,0,0,1,1,Op-ed + chatbot
161,1.0,anti,4.0,87.0,0,0,1,1,Op-ed + chatbot
162,1.0,pro,3.0,70.0,0,0,1,1,Op-ed + chatbot
163,1.0,pro,4.0,60.0,0,1,1,1,Op-ed + chatbot
164,0.0,pro,3.0,30.0,0,0,0,0,Placebo + chatbot
165,0.0,pro,3.0,60.0,0,0,0,0,Placebo + chatbot
166,0.0,pro,4.0,65.0,0,0,0,0,Placebo + chatbot
167,0.0,anti,5.0,75.0,0,0,0,0,Placebo + chatbot
168,0.0,pro,1.0,100.0,0,0,0,0,Placebo + chatbot
169,1.0,pro,2.0,100.0,0,1,1,1,Op-ed + chatbot
170,0.0,anti,1.0,80.0,0,1,0,0,Placebo + chatbot
171,1.0,pro,2.0,83.0,0,0,1,1,Op-ed + chatbot
172,1.0,pro,4.0,51.0,0,0,1,1,Op-ed + chatbot
173,0.0,pro,2.0,84.0,0,0,0,0,Placebo + chatbot
174,0.0,pro,1.0,100.0,0,0,0,0,Placebo + chatbot
175,1.0,pro,5.0,52.0,0,0,1,1,Op-ed + chatbot
176,1.0,pro,1.0,100.0,0,0,1,1,Op-ed + chatbot
177,1.0,pro,3.0,80.0,1,0,1,1,Op-ed + chatbot
178,0.0,pro,3.0,77.0,0,0,0,0,Placebo + chatbot
179,0.0,pro,5.0,26.0,0,0,0,0,Placebo + chatbot
180,0.0,pro,1.0,100.0,0,0,0,0,Placebo + chatbot
181,1.0,pro,4.0,48.0,1,0,1,1,Op-ed + chatbot
182,0.0,pro,3.0,25.0,1,0,0,0,Placebo + chatbot
183,0.0,pro,7.0,90.0,0,0,0,0,Placebo + chatbot
184,0.0,pro,2.0,77.0,1,0,0,0,Placebo + chatbot
185,0.0,pro,3.0,80.0,0,0,0,0,Placebo + chatbot
186,0.0,pro,3.0,60.0,0,0,0,0,Placebo + chatbot
187,1.0,pro,3.0,89.0,0,0,1,1,Op-ed + chatbot
188,0.0,pro,3.0,49.0,0,0,0,0,Placebo + chatbot
189,1.0,anti,4.0,51.0,0,1,1,1,Op-ed + chatbot
190,1.0,pro,4.0,35.0,0,0,1,1,Op-ed + chatbot
191,0.0,pro,1.0,80.0,0,0,0,0,Placebo + chatbot
192,0.0,pro,3.0,45.0,0,0,0,0,Placebo + chatbot
193,0.0,anti,1.0,95.0,0,0,0,0,Placebo + chatbot
194,0.0,pro,2.0,90.0,0,0,0,0,Placebo + chatbot
195,1.0,pro,2.0,75.0,0,0,1,1,Op-ed + chatbot
196,1.0,pro,3.0,71.0,1,1,1,1,Op-ed + chatbot
197,1.0,pro,2.0,75.0,0,0,1,1,Op-ed + chatbot
198,0.0,pro,6.0,85.0,0,0,0,0,Placebo + chatbot
199,0.0,pro,1.0,100.0,0,0,0,0,Placebo + chatbot
200,1.0,pro,2.0,80.0,0,0,1,1,Op-ed + chatbot
201,0.0,anti,5.0,60.0,0,0,0,0,Placebo + chatbot
202,1.0,pro,3.0,75.0,0,1,1,1,Op-ed + chatbot
203,1.0,pro,4.0,84.0,1,0,1,1,Op-ed + chatbot
204,0.0,anti,6.0,91.0,0,0,0,0,Placebo + chatbot
205,0.0,anti,7.0,86.0,0,0,0,0,Placebo + chatbot
206,0.0,pro,4.0,100.0,0,0,0,0,Placebo + chatbot
207,1.0,pro,1.0,99.0,1,1,1,1,Op-ed + chatbot
208,0.0,anti,4.0,55.0,0,1,0,0,Placebo + chatbot
209,0.0,pro,2.0,91.0,0,1,0,0,Placebo + chatbot
210,1.0,pro,4.0,70.0,1,1,1,1,Op-ed + chatbot
211,1.0,pro,1.0,100.0,0,0,1,1,Op-ed + chatbot
212,0.0,pro,3.0,71.0,0,0,0,0,Placebo + chatbot
213,1.0,anti,2.0,81.0,0,1,1,1,Op-ed + chatbot
214,1.0,pro,6.0,80.0,0,1,1,1,Op-ed + chatbot
215,0.0,pro,2.0,100.0,0,0,0,0,Placebo + chatbot
216,0.0,pro,1.0,100.0,0,1,0,0,Placebo + chatbot
217,0.0,pro,3.0,79.0,0,1,0,0,Placebo + chatbot
218,1.0,pro,5.0,90.0,0,0,1,1,Op-ed + chatbot
219,0.0,pro,2.0,83.0,0,0,0,0,Placebo + chatbot
220,0.0,pro,5.0,80.0,0,0,0,0,Placebo + chatbot
221,1.0,pro,3.0,64.0,0,0,1,1,Op-ed + chatbot
222,0.0,pro,3.0,60.0,0,0,0,0,Placebo + chatbot
223,1.0,pro,5.0,71.0,0,0,1,1,Op-ed + chatbot
224,0.0,pro,2.0,70.0,0,0,0,0,Placebo + chatbot
225,0.0,anti,4.0,100.0,0,0,0,0,Placebo + chatbot
226,1.0,pro,5.0,29.0,0,0,1,1,Op-ed + chatbot
227,0.0,pro,2.0,88.0,0,0,0,0,Placebo + chatbot
228,0.0,pro,2.0,72.0,0,0,0,0,Placebo + chatbot
229,0.0,pro,2.0,90.0,0,0,0,0,Placebo + chatbot
230,1.0,pro,4.0,51.0,0,0,1,1,Op-ed + chatbot
231,0.0,anti,6.0,80.0,0,0,0,0,Placebo + chatbot
232,1.0,pro,6.0,80.0,0,0,1,1,Op-ed + chatbot
233,1.0,anti,4.0,51.0,0,0,1,1,Op-ed + chatbot
234,1.0,pro,2.0,81.0,0,0,1,1,Op-ed + chatbot
235,0.0,pro,1.0,100.0,0,0,0,0,Placebo + chatbot
236,1.0,pro,3.0,20.0,0,0,1,1,Op-ed + chatbot
237,1.0,pro,2.0,50.0,0,0,1,1,Op-ed + chatbot
238,1.0,anti,5.0,60.0,0,1,1,1,Op-ed + chatbot
239,0.0,pro,3.0,50.0,0,0,0,0,Placebo + chatbot
240,1.0,pro,4.0,60.0,0,1,1,1,Op-ed + chatbot
241,0.0,pro,4.0,60.0,0,1,0,0,Placebo + chatbot
242,0.0,pro,2.0,50.0,1,0,0,0,Placebo + chatbot
243,0.0,pro,4.0,51.0,0,0,0,0,Placebo + chatbot
244,0.0,pro,4.0,100.0,0,0,0,0,Placebo + chatbot
245,1.0,pro,1.0,100.0,0,0,1,1,Op-ed + chatbot
246,1.0,anti,7.0,82.0,0,0,1,1,Op-ed + chatbot
247,1.0,pro,4.0,50.0,1,0,1,1,Op-ed + chatbot
248,1.0,pro,6.0,80.0,0,0,1,1,Op-ed + chatbot
249,0.0,pro,3.0,14.0,0,0,0,0,Placebo + chatbot
250,1.0,pro,3.0,62.0,1,1,1,1,Op-ed + chatbot
251,0.0,pro,1.0,100.0,0,0,0,0,Placebo + chatbot
252,0.0,pro,1.0,100.0,0,0,0,0,Placebo + chatbot
253,1.0,pro,2.0,90.0,1,0,1,1,Op-ed + chatbot
254,0.0,pro,2.0,85.0,0,0,0,0,Placebo + chatbot
255,0.0,anti,4.0,61.0,0,0,0,0,Placebo + chatbot
256,1.0,pro,1.0,84.0,0,0,1,1,Op-ed + chatbot
257,0.0,pro,3.0,50.0,0,1,0,0,Placebo + chatbot
258,0.0,pro,1.0,100.0,0,0,0,0,Placebo + chatbot
259,1.0,pro,4.0,88.0,0,0,1,1,Op-ed + chatbot
260,1.0,pro,3.0,61.0,0,0,1,1,Op-ed + chatbot
261,1.0,anti,3.0,77.0,0,0,1,1,Op-ed + chatbot
262,1.0,pro,2.0,100.0,0,0,1,1,Op-ed + chatbot
263,1.0,pro,4.0,25.0,0,1,1,1,Op-ed + chatbot
264,0.0,pro,6.0,89.0,0,0,0,0,Placebo + chatbot
265,0.0,pro,4.0,56.0,0,0,0,0,Placebo + chatbot
266,0.0,pro,2.0,77.0,0,0,0,0,Placebo + chatbot
267,0.0,pro,2.0,70.0,0,0,0,0,Placebo + chatbot
268,1.0,anti,3.0,58.0,1,1,1,1,Op-ed + chatbot
269,0.0,pro,1.0,100.0,0,0,0,0,Placebo + chatbot
270,0.0,pro,3.0,81.0,0,0,0,0,Placebo + chatbot
271,1.0,pro,3.0,80.0,1,0,1,1,Op-ed + chatbot
272,1.0,pro,2.0,80.0,0,0,1,1,Op-ed + chatbot
273,1.0,pro,5.0,100.0,0,0,1,1,Op-ed + chatbot
274,0.0,pro,3.0,85.0,1,0,0,0,Placebo + chatbot
275,1.0,pro,2.0,80.0,0,1,1,1,Op-ed + chatbot
276,0.0,pro,3.0,75.0,0,0,0,0,Placebo + chatbot
277,0.0,anti,1.0,77.0,0,1,0,0,Placebo + chatbot
278,1.0,pro,7.0,50.0,1,1,1,1,Op-ed + chatbot
279,1.0,pro,4.0,52.0,0,1,1,1,Op-ed + chatbot
280,1.0,pro,4.0,60.0,1,1,1,1,Op-ed + chatbot
281,0.0,pro,2.0,90.0,0,0,0,0,Placebo + chatbot
282,0.0,pro,1.0,82.0,0,0,0,0,Placebo + chatbot
283,0.0,pro,1.0,87.0,0,0,0,0,Placebo + chatbot
284,1.0,pro,3.0,52.0,0,0,1,1,Op-ed + chatbot
285,0.0,pro,1.0,96.0,0,0,0,0,Placebo + chatbot
286,1.0,anti,3.0,50.0,0,0,1,1,Op-ed + chatbot
287,1.0,anti,6.0,100.0,0,1,1,1,Op-ed + chatbot
288,0.0,pro,3.0,70.0,0,0,0,0,Placebo + chatbot
289,1.0,pro,1.0,100.0,0,0,1,1,Op-ed + chatbot
290,1.0,anti,5.0,43.0,0,1,1,1,Op-ed + chatbot
291,1.0,pro,4.0,73.0,0,0,1,1,Op-ed + chatbot
292,0.0,pro,4.0,90.0,0,0,0,0,Placebo + chatbot
293,0.0,pro,4.0,52.0,0,0,0,0,Placebo + chatbot
294,0.0,anti,4.0,67.0,0,0,0,0,Placebo + chatbot
295,1.0,pro,3.0,64.0,0,0,1,1,Op-ed + chatbot
296,1.0,pro,4.0,75.0,1,0,1,1,Op-ed + chatbot
297,0.0,anti,1.0,100.0,1,1,0,0,Placebo + chatbot
298,0.0,pro,2.0,90.0,0,1,0,0,Placebo + chatbot
299,1.0,pro,3.0,80.0,0,0,1,1,Op-ed + chatbot
301,0.0,pro,3.0,90.0,0,0,0,0,Placebo + chatbot
302,1.0,pro,2.0,85.0,0,1,1,1,Op-ed + chatbot
303,1.0,pro,3.0,60.0,1,0,1,1,Op-ed + chatbot
304,1.0,pro,3.0,82.0,0,0,1,1,Op-ed + chatbot
305,0.0,pro,3.0,54.0,0,0,0,0,Placebo + chatbot
306,0.0,pro,2.0,75.0,0,0,0,0,Placebo + chatbot
307,1.0,pro,3.0,44.0,0,0,1,1,Op-ed + chatbot
308,0.0,pro,2.0,80.0,0,0,0,0,Placebo + chatbot
309,1.0,pro,1.0,100.0,0,0,1,1,Op-ed + chatbot
310,1.0,pro,3.0,100.0,0,1,1,1,Op-ed + chatbot
311,0.0,pro,3.0,73.0,0,0,0,0,Placebo + chatbot
312,1.0,anti,3.0,100.0,0,0,1,1,Op-ed + chatbot
313,0.0,pro,1.0,100.0,0,0,0,0,Placebo + chatbot
314,0.0,pro,2.0,83.0,0,0,0,0,Placebo + chatbot
315,1.0,pro,3.0,90.0,0,1,1,1,Op-ed + chatbot
316,1.0,pro,4.0,51.0,0,0,1,1,Op-ed + chatbot
317,1.0,pro,5.0,65.0,0,1,1,1,Op-ed + chatbot
318,0.0,pro,5.0,40.0,0,0,0,0,Placebo + chatbot
319,0.0,pro,1.0,100.0,0,0,0,0,Placebo + chatbot
320,0.0,pro,3.0,78.0,0,0,0,0,Placebo + chatbot
321,0.0,pro,4.0,65.0,0,0,0,0,Placebo + chatbot
322,0.0,pro,2.0,85.0,1,0,0,0,Placebo + chatbot
323,1.0,pro,1.0,76.0,0,1,1,1,Op-ed + chatbot
324,0.0,pro,4.0,50.0,0,0,0,0,Placebo + chatbot
325,1.0,pro,3.0,77.0,0,0,1,1,Op-ed + chatbot
326,0.0,pro,2.0,70.0,0,0,0,0,Placebo + chatbot
327,1.0,pro,5.0,49.0,0,0,1,1,Op-ed + chatbot
328,1.0,anti,2.0,91.0,0,0,1,1,Op-ed + chatbot
329,0.0,pro,2.0,100.0,0,0,0,0,Placebo + chatbot
330,1.0,pro,1.0,89.0,1,0,1,1,Op-ed + chatbot
331,1.0,anti,3.0,34.0,0,0,1,1,Op-ed + chatbot
332,0.0,pro,1.0,100.0,0,0,0,0,Placebo + chatbot
333,0.0,pro,1.0,100.0,0,0,0,0,Placebo + chatbot
334,0.0,pro,2.0,65.0,0,0,0,0,Placebo + chatbot
335,1.0,pro,6.0,59.0,0,0,1,1,Op-ed + chatbot
336,1.0,pro,1.0,100.0,0,0,1,1,Op-ed + chatbot
337,1.0,pro,3.0,51.0,0,0,1,1,Op-ed + chatbot
338,1.0,anti,4.0,61.0,0,0,1,1,Op-ed + chatbot
339,0.0,pro,2.0,60.0,0,0,0,0,Placebo + chatbot
340,1.0,pro,5.0,51.0,0,1,1,1,Op-ed + chatbot
341,1.0,pro,5.0,38.0,0,0,1,1,Op-ed + chatbot
342,1.0,anti,5.0,64.0,0,0,1,1,Op-ed + chatbot
343,0.0,pro,1.0,100.0,1,0,0,0,Placebo + chatbot
344,1.0,anti,2.0,91.0,0,0,1,1,Op-ed + chatbot
345,1.0,pro,3.0,75.0,1,1,1,1,Op-ed + chatbot
346,1.0,pro,3.0,60.0,0,1,1,1,Op-ed + chatbot
347,1.0,pro,5.0,60.0,0,0,1,1,Op-ed + chatbot
348,1.0,pro,2.0,75.0,1,1,1,1,Op-ed + chatbot
349,1.0,pro,6.0,90.0,0,1,1,1,Op-ed + chatbot
350,0.0,pro,3.0,72.0,0,0,0,0,Placebo + chatbot
351,0.0,pro,2.0,89.0,0,0,0,0,Placebo + chatbot
352,0.0,pro,2.0,90.0,0,1,0,0,Placebo + chatbot
353,0.0,pro,2.0,67.0,0,0,0,0,Placebo + chatbot
354,1.0,pro,2.0,91.0,0,1,1,1,Op-ed + chatbot
355,0.0,pro,2.0,100.0,0,0,0,0,Placebo + chatbot
356,1.0,pro,1.0,100.0,0,0,1,1,Op-ed + chatbot
357,0.0,pro,2.0,95.0,0,0,0,0,Placebo + chatbot
358,1.0,pro,5.0,24.0,0,1,1,1,Op-ed + chatbot
359,1.0,anti,7.0,100.0,0,1,1,1,Op-ed + chatbot
360,0.0,pro,2.0,94.0,0,0,0,0,Placebo + chatbot
361,0.0,pro,1.0,100.0,0,0,0,0,Placebo + chatbot
362,0.0,pro,1.0,100.0,1,0,0,0,Placebo + chatbot
363,1.0,pro,3.0,50.0,0,0,1,1,Op-ed + chatbot
364,1.0,pro,3.0,75.0,0,0,1,1,Op-ed + chatbot
365,1.0,pro,6.0,70.0,0,1,1,1,Op-ed + chatbot
366,0.0,pro,4.0,75.0,0,0,0,0,Placebo + chatbot
367,0.0,pro,3.0,70.0,1,0,0,0,Placebo + chatbot
368,0.0,pro,3.0,85.0,0,0,0,0,Placebo + chatbot
369,1.0,pro,3.0,85.0,0,1,1,1,Op-ed + chatbot
370,1.0,pro,1.0,100.0,0,1,1,1,Op-ed + chatbot
371,1.0,pro,5.0,80.0,0,1,1,1,Op-ed + chatbot
372,0.0,pro,2.0,90.0,1,0,0,0,Placebo + chatbot
373,1.0,pro,1.0,100.0,1,1,1,1,Op-ed + chatbot
374,0.0,pro,2.0,100.0,0,0,0,0,Placebo + chatbot
375,0.0,anti,6.0,80.0,0,0,0,0,Placebo + chatbot
376,1.0,pro,1.0,95.0,1,0,1,1,Op-ed + chatbot
377,0.0,pro,2.0,100.0,0,0,0,0,Placebo + chatbot
378,0.0,pro,2.0,88.0,0,0,0,0,Placebo + chatbot
379,0.0,pro,3.0,81.0,0,0,0,0,Placebo + chatbot
380,1.0,pro,5.0,70.0,0,1,1,1,Op-ed + chatbot
381,1.0,pro,4.0,72.0,0,0,1,1,Op-ed + chatbot
382,0.0,pro,2.0,100.0,0,0,0,0,Placebo + chatbot
383,0.0,pro,2.0,81.0,0,0,0,0,Placebo + chatbot
384,1.0,pro,2.0,76.0,1,0,1,1,Op-ed + chatbot
385,1.0,pro,2.0,80.0,0,0,1,1,Op-ed + chatbot
386,0.0,pro,3.0,66.0,0,0,0,0,Placebo + chatbot
387,1.0,pro,5.0,15.0,0,0,1,1,Op-ed + chatbot
388,0.0,pro,2.0,80.0,0,0,0,0,Placebo + chatbot
389,0.0,pro,5.0,50.0,0,0,0,0,Placebo + chatbot
390,0.0,pro,3.0,67.0,0,0,0,0,Placebo + chatbot
391,1.0,pro,2.0,75.0,0,0,1,1,Op-ed + chatbot
392,1.0,pro,3.0,87.0,1,0,1,1,Op-ed + chatbot
393,1.0,pro,4.0,72.0,0,0,1,1,Op-ed + chatbot
394,0.0,pro,3.0,60.0,1,0,0,0,Placebo + chatbot
395,0.0,pro,5.0,70.0,0,0,0,0,Placebo + chatbot
396,1.0,anti,2.0,69.0,0,0,1,1,Op-ed + chatbot
397,0.0,pro,2.0,80.0,0,0,0,0,Placebo + chatbot
398,1.0,pro,1.0,90.0,1,1,1,1,Op-ed + chatbot
399,1.0,pro,2.0,100.0,1,1,1,1,Op-ed + chatbot
400,0.0,pro,1.0,83.0,0,0,0,0,Placebo + chatbot
401,0.0,pro,1.0,100.0,0,0,0,0,Placebo + chatbot
402,1.0,pro,6.0,70.0,0,1,1,1,Op-ed + chatbot
403,1.0,pro,3.0,80.0,0,0,1,1,Op-ed + chatbot
404,0.0,pro,3.0,80.0,0,0,0,0,Placebo + chatbot
405,0.0,pro,2.0,90.0,0,0,0,0,Placebo + chatbot
406,1.0,pro,3.0,59.0,0,0,1,1,Op-ed + chatbot
407,0.0,anti,2.0,80.0,0,0,0,0,Placebo + chatbot
408,0.0,pro,1.0,75.0,0,0,0,0,Placebo + chatbot
409,1.0,pro,3.0,77.0,0,0,1,1,Op-ed + chatbot
410,1.0,pro,4.0,50.0,0,0,1,1,Op-ed + chatbot
411,1.0,pro,3.0,90.0,1,0,1,1,Op-ed + chatbot
412,1.0,pro,3.0,25.0,0,1,1,1,Op-ed + chatbot
413,0.0,pro,1.0,100.0,0,0,0,0,Placebo + chatbot
414,0.0,pro,4.0,77.0,0,0,0,0,Placebo + chatbot
415,1.0,pro,5.0,75.0,0,1,1,1,Op-ed + chatbot
416,0.0,pro,3.0,61.0,0,0,0,0,Placebo + chatbot
417,0.0,pro,2.0,71.0,0,0,0,0,Placebo + chatbot
418,0.0,pro,3.0,68.0,0,1,0,0,Placebo + chatbot
419,1.0,pro,4.0,60.0,0,0,1,1,Op-ed + chatbot
420,1.0,pro,5.0,66.0,0,1,1,1,Op-ed + chatbot
421,0.0,pro,5.0,75.0,0,0,0,0,Placebo + chatbot
422,1.0,anti,6.0,50.0,0,0,1,1,Op-ed + chatbot
423,1.0,anti,3.0,80.0,0,1,1,1,Op-ed + chatbot
424,1.0,pro,1.0,93.0,1,0,1,1,Op-ed + chatbot
425,0.0,pro,4.0,0.0,0,0,0,0,Placebo + chatbot
426,1.0,pro,3.0,100.0,0,0,1,1,Op-ed + chatbot
427,1.0,pro,4.0,80.0,0,0,1,1,Op-ed + chatbot
428,0.0,anti,3.0,92.0,0,0,0,0,Placebo + chatbot
429,0.0,pro,4.0,66.0,0,0,0,0,Placebo + chatbot
430,0.0,pro,3.0,90.0,0,0,0,0,Placebo + chatbot
431,1.0,pro,3.0,60.0,1,0,1,1,Op-ed + chatbot
432,1.0,pro,1.0,100.0,0,0,1,1,Op-ed + chatbot
433,0.0,pro,4.0,80.0,0,0,0,0,Placebo + chatbot
434,0.0,anti,2.0,86.0,0,0,0,0,Placebo + chatbot
435,1.0,pro,7.0,93.0,0,0,1,1,Op-ed + chatbot
436,1.0,pro,,,0,0,1,1,Op-ed + chatbot
437,0.0,pro,,,0,0,0,0,Placebo + chatbot
438,0.0,anti,4.0,86.0,0,0,0,0,Placebo + chatbot
439,0.0,pro,3.0,50.0,0,0,0,0,Placebo + chatbot
440,0.0,pro,,,0,0,0,0,Placebo + chatbot
441,1.0,pro,,,0,0,1,1,Op-ed + chatbot
444,1.0,pro,,,0,0,1,1,Op-ed + chatbot
445,1.0,pro,,,0,0,1,1,Op-ed + chatbot
446,1.0,anti,1.0,97.0,0,0,1,1,Op-ed + chatbot
447,0.0,pro,2.0,80.0,0,0,0,0,Placebo + chatbot
448,1.0,pro,,,0,0,1,1,Op-ed + chatbot
449,1.0,pro,2.0,64.0,0,0,1,1,Op-ed + chatbot
