row_id,treatment,group,toward_counterarg,certainty,counterarg_keyword,supportive_keyword
1,1.0,pro,2.0,81.0,0,0
2,0.0,pro,3.0,76.0,0,0
3,0.0,pro,2.0,90.0,1,0
4,1.0,pro,1.0,100.0,1,0
5,1.0,pro,4.0,73.0,0,0
6,0.0,pro,1.0,100.0,0,0
7,1.0,anti,4.0,75.0,0,0
8,1.0,pro,2.0,73.0,0,0
9,1.0,pro,4.0,65.0,1,0
10,1.0,pro,4.0,50.0,0,0
11,0.0,pro,5.0,60.0,0,0
12,1.0,pro,1.0,100.0,0,0
13,0.0,pro,5.0,60.0,0,0
14,1.0,anti,3.0,91.0,0,0
15,1.0,pro,3.0,75.0,1,1
16,1.0,pro,1.0,100.0,1,0
17,0.0,pro,1.0,98.0,0,0
18,0.0,pro,2.0,55.0,0,0
19,0.0,anti,4.0,5.0,0,0
20,1.0,pro,3.0,75.0,0,1
21,0.0,pro,5.0,98.0,0,0
22,0.0,pro,2.0,100.0,0,0
23,1.0,pro,3.0,80.0,1,0
24,1.0,pro,4.0,65.0,0,0
25,0.0,pro,4.0,60.0,0,0
26,1.0,pro,2.0,80.0,0,1
27,0.0,pro,2.0,80.0,0,0
28,1.0,pro,4.0,60.0,0,0
29,1.0,pro,6.0,53.0,0,1
30,0.0,pro,3.0,98.0,0,0
31,0.0,pro,3.0,59.0,0,0
32,1.0,pro,4.0,64.0,1,1
33,0.0,pro,2.0,90.0,0,0
34,1.0,pro,1.0,100.0,1,0
35,0.0,pro,3.0,71.0,0,0
36,1.0,pro,1.0,100.0,0,0
37,0.0,pro,3.0,61.0,0,0
38,1.0,pro,6.0,80.0,0,1
39,0.0,pro,3.0,72.0,0,0
40,0.0,pro,5.0,58.0,0,0
41,0.0,anti,4.0,100.0,0,0
42,0.0,pro,2.0,69.0,0,0
43,0.0,anti,5.0,91.0,0,0
44,1.0,pro,3.0,66.0,0,0
45,1.0,pro,2.0,77.0,0,0
46,1.0,pro,4.0,70.0,0,0
47,1.0,pro,3.0,44.0,0,0
48,1.0,pro,5.0,75.0,0,0
49,1.0,pro,5.0,70.0,0,0
50,1.0,anti,2.0,75.0,0,1
51,1.0,pro,3.0,71.0,1,0
52,1.0,pro,2.0,25.0,1,1
53,1.0,pro,3.0,75.0,1,1
54,1.0,pro,4.0,65.0,1,0
55,0.0,pro,3.0,91.0,0,0
56,1.0,pro,6.0,55.0,0,0
57,0.0,anti,3.0,80.0,1,1
58,1.0,pro,3.0,36.0,0,0
59,0.0,pro,5.0,84.0,0,0
60,0.0,pro,2.0,82.0,0,0
61,1.0,pro,2.0,69.0,0,0
62,1.0,pro,2.0,77.0,0,1
63,0.0,anti,1.0,100.0,0,0
64,0.0,pro,2.0,98.0,1,0
65,0.0,pro,3.0,60.0,0,0
66,0.0,pro,2.0,90.0,0,0
67,0.0,pro,1.0,96.0,0,0
68,1.0,anti,5.0,60.0,0,0
69,0.0,pro,2.0,100.0,0,1
70,0.0,pro,2.0,90.0,1,1
71,0.0,pro,2.0,80.0,0,0
72,1.0,pro,3.0,75.0,1,1
73,0.0,pro,2.0,91.0,0,0
74,1.0,pro,2.0,90.0,0,0
75,0.0,pro,2.0,99.0,0,0
76,1.0,pro,3.0,70.0,1,1
77,0.0,pro,1.0,81.0,0,0
78,1.0,pro,2.0,75.0,0,0
79,0.0,pro,1.0,99.0,0,0
80,1.0,pro,5.0,49.0,1,0
81,0.0,pro,3.0,75.0,0,0
82,1.0,pro,2.0,88.0,1,0
83,1.0,anti,5.0,71.0,0,0
84,1.0,anti,4.0,80.0,0,1
85,1.0,pro,3.0,50.0,1,0
86,1.0,pro,2.0,78.0,0,1
87,1.0,pro,4.0,90.0,0,1
88,0.0,pro,6.0,80.0,0,0
89,0.0,pro,2.0,72.0,0,0
90,0.0,pro,5.0,74.0,0,0
91,0.0,pro,2.0,80.0,1,0
92,1.0,pro,1.0,100.0,0,1
93,0.0,pro,3.0,75.0,0,0
94,0.0,pro,3.0,75.0,0,0
95,1.0,pro,2.0,71.0,0,0
96,0.0,pro,2.0,75.0,0,0
97,1.0,pro,3.0,82.0,0,1
98,0.0,pro,1.0,100.0,0,0
99,1.0,pro,1.0,100.0,0,1
100,1.0,pro,2.0,75.0,1,1
101,0.0,pro,2.0,85.0,1,0
102,1.0,anti,5.0,56.0,1,1
103,0.0,pro,2.0,88.0,0,0
104,1.0,pro,1.0,100.0,0,0
105,0.0,pro,6.0,75.0,0,0
106,1.0,pro,4.0,48.0,0,0
107,0.0,pro,3.0,70.0,0,0
108,1.0,pro,1.0,71.0,0,0
109,1.0,pro,3.0,70.0,1,1
110,1.0,anti,5.0,64.0,0,1
111,0.0,pro,1.0,86.0,0,0
112,0.0,pro,2.0,30.0,1,0
113,1.0,pro,5.0,65.0,1,1
114,1.0,pro,2.0,90.0,1,1
115,1.0,anti,1.0,100.0,0,0
116,0.0,pro,2.0,85.0,0,0
117,1.0,anti,3.0,93.0,0,0
118,1.0,pro,5.0,76.0,1,1
119,1.0,pro,3.0,70.0,1,1
120,1.0,anti,4.0,90.0,0,0
121,1.0,pro,3.0,60.0,1,1
122,1.0,pro,6.0,90.0,1,1
123,0.0,pro,3.0,20.0,0,0
124,0.0,pro,3.0,65.0,1,0
125,1.0,pro,7.0,91.0,1,1
126,0.0,pro,1.0,100.0,0,0
127,1.0,pro,6.0,81.0,0,0
128,0.0,pro,3.0,100.0,0,0
129,0.0,pro,2.0,100.0,0,0
130,0.0,pro,3.0,70.0,0,0
131,0.0,pro,2.0,80.0,0,0
132,1.0,pro,5.0,45.0,0,1
133,1.0,pro,3.0,55.0,0,0
134,0.0,pro,3.0,42.0,0,0
135,0.0,pro,1.0,100.0,0,0
136,1.0,pro,3.0,62.0,0,0
137,0.0,pro,1.0,100.0,0,0
138,1.0,pro,2.0,91.0,0,0
139,1.0,pro,3.0,71.0,0,0
140,0.0,pro,1.0,100.0,0,1
141,0.0,pro,3.0,70.0,0,0
142,0.0,pro,3.0,35.0,0,0
143,0.0,anti,4.0,90.0,0,1
144,1.0,pro,2.0,81.0,0,0
145,1.0,pro,2.0,79.0,1,0
146,0.0,pro,2.0,74.0,0,0
147,1.0,pro,3.0,54.0,1,0
148,1.0,pro,7.0,95.0,1,1
149,1.0,pro,3.0,60.0,0,0
150,1.0,pro,4.0,50.0,1,1
151,0.0,pro,5.0,53.0,0,0
152,0.0,pro,1.0,83.0,0,0
153,1.0,anti,6.0,90.0,0,0
154,0.0,pro,2.0,100.0,0,0
155,1.0,pro,5.0,70.0,1,0
156,1.0,pro,4.0,80.0,0,0
157,1.0,pro,1.0,90.0,0,0
158,1.0,anti,4.0,81.0,0,1
159,0.0,pro,1.0,84.0,0,0
160,1.0,pro,3.0,75.0,0,0
161,1.0,anti,4.0,87.0,0,0
162,1.0,pro,3.0,70.0,0,0
163,1.0,pro,4.0,60.0,0,1
164,0.0,pro,3.0,30.0,0,0
165,0.0,pro,3.0,60.0,0,0
166,0.0,pro,4.0,65.0,0,0
167,0.0,anti,5.0,75.0,0,0
168,0.0,pro,1.0,100.0,0,0
169,1.0,pro,2.0,100.0,0,1
170,0.0,anti,1.0,80.0,0,1
171,1.0,pro,2.0,83.0,0,0
172,1.0,pro,4.0,51.0,0,0
173,0.0,pro,2.0,84.0,0,0
174,0.0,pro,1.0,100.0,0,0
175,1.0,pro,5.0,52.0,0,0
176,1.0,pro,1.0,100.0,0,0
177,1.0,pro,3.0,80.0,1,0
178,0.0,pro,3.0,77.0,0,0
179,0.0,pro,5.0,26.0,0,0
180,0.0,pro,1.0,100.0,0,0
181,1.0,pro,4.0,48.0,1,0
182,0.0,pro,3.0,25.0,1,0
183,0.0,pro,7.0,90.0,0,0
184,0.0,pro,2.0,77.0,1,0
185,0.0,pro,3.0,80.0,0,0
186,0.0,pro,3.0,60.0,0,0
187,1.0,pro,3.0,89.0,0,0
188,0.0,pro,3.0,49.0,0,0
189,1.0,anti,4.0,51.0,0,1
190,1.0,pro,4.0,35.0,0,0
191,0.0,pro,1.0,80.0,0,0
192,0.0,pro,3.0,45.0,0,0
193,0.0,anti,1.0,95.0,0,0
194,0.0,pro,2.0,90.0,0,0
195,1.0,pro,2.0,75.0,0,0
196,1.0,pro,3.0,71.0,1,1
197,1.0,pro,2.0,75.0,0,0
198,0.0,pro,6.0,85.0,0,0
199,0.0,pro,1.0,100.0,0,0
200,1.0,pro,2.0,80.0,0,0
201,0.0,anti,5.0,60.0,0,0
202,1.0,pro,3.0,75.0,0,1
203,1.0,pro,4.0,84.0,1,0
204,0.0,anti,6.0,91.0,0,0
205,0.0,anti,7.0,86.0,0,0
206,0.0,pro,4.0,100.0,0,0
207,1.0,pro,1.0,99.0,1,1
208,0.0,anti,4.0,55.0,0,1
209,0.0,pro,2.0,91.0,0,1
210,1.0,pro,4.0,70.0,1,1
211,1.0,pro,1.0,100.0,0,0
212,0.0,pro,3.0,71.0,0,0
213,1.0,anti,2.0,81.0,0,1
214,1.0,pro,6.0,80.0,0,1
215,0.0,pro,2.0,100.0,0,0
216,0.0,pro,1.0,100.0,0,1
217,0.0,pro,3.0,79.0,0,1
218,1.0,pro,5.0,90.0,0,0
219,0.0,pro,2.0,83.0,0,0
220,0.0,pro,5.0,80.0,0,0
221,1.0,pro,3.0,64.0,0,0
222,0.0,pro,3.0,60.0,0,0
223,1.0,pro,5.0,71.0,0,0
224,0.0,pro,2.0,70.0,0,0
225,0.0,anti,4.0,100.0,0,0
226,1.0,pro,5.0,29.0,0,0
227,0.0,pro,2.0,88.0,0,0
228,0.0,pro,2.0,72.0,0,0
229,0.0,pro,2.0,90.0,0,0
230,1.0,pro,4.0,51.0,0,0
231,0.0,anti,6.0,80.0,0,0
232,1.0,pro,6.0,80.0,0,0
233,1.0,anti,4.0,51.0,0,0
234,1.0,pro,2.0,81.0,0,0
235,0.0,pro,1.0,100.0,0,0
236,1.0,pro,3.0,20.0,0,0
237,1.0,pro,2.0,50.0,0,0
238,1.0,anti,5.0,60.0,0,1
239,0.0,pro,3.0,50.0,0,0
240,1.0,pro,4.0,60.0,0,1
241,0.0,pro,4.0,60.0,0,1
242,0.0,pro,2.0,50.0,1,0
243,0.0,pro,4.0,51.0,0,0
244,0.0,pro,4.0,100.0,0,0
245,1.0,pro,1.0,100.0,0,0
246,1.0,anti,7.0,82.0,0,0
247,1.0,pro,4.0,50.0,1,0
248,1.0,pro,6.0,80.0,0,0
249,0.0,pro,3.0,14.0,0,0
250,1.0,pro,3.0,62.0,1,1
251,0.0,pro,1.0,100.0,0,0
252,0.0,pro,1.0,100.0,0,0
253,1.0,pro,2.0,90.0,1,0
254,0.0,pro,2.0,85.0,0,0
255,0.0,anti,4.0,61.0,0,0
256,1.0,pro,1.0,84.0,0,0
257,0.0,pro,3.0,50.0,0,1
258,0.0,pro,1.0,100.0,0,0
259,1.0,pro,4.0,88.0,0,0
260,1.0,pro,3.0,61.0,0,0
261,1.0,anti,3.0,77.0,0,0
262,1.0,pro,2.0,100.0,0,0
263,1.0,pro,4.0,25.0,0,1
264,0.0,pro,6.0,89.0,0,0
265,0.0,pro,4.0,56.0,0,0
266,0.0,pro,2.0,77.0,0,0
267,0.0,pro,2.0,70.0,0,0
268,1.0,anti,3.0,58.0,1,1
269,0.0,pro,1.0,100.0,0,0
270,0.0,pro,3.0,81.0,0,0
271,1.0,pro,3.0,80.0,1,0
272,1.0,pro,2.0,80.0,0,0
273,1.0,pro,5.0,100.0,0,0
274,0.0,pro,3.0,85.0,1,0
275,1.0,pro,2.0,80.0,0,1
276,0.0,pro,3.0,75.0,0,0
277,0.0,anti,1.0,77.0,0,1
278,1.0,pro,7.0,50.0,1,1
279,1.0,pro,4.0,52.0,0,1
280,1.0,pro,4.0,60.0,1,1
281,0.0,pro,2.0,90.0,0,0
282,0.0,pro,1.0,82.0,0,0
283,0.0,pro,1.0,87.0,0,0
284,1.0,pro,3.0,52.0,0,0
285,0.0,pro,1.0,96.0,0,0
286,1.0,anti,3.0,50.0,0,0
287,1.0,anti,6.0,100.0,0,1
288,0.0,pro,3.0,70.0,0,0
289,1.0,pro,1.0,100.0,0,0
290,1.0,anti,5.0,43.0,0,1
291,1.0,pro,4.0,73.0,0,0
292,0.0,pro,4.0,90.0,0,0
293,0.0,pro,4.0,52.0,0,0
294,0.0,anti,4.0,67.0,0,0
295,1.0,pro,3.0,64.0,0,0
296,1.0,pro,4.0,75.0,1,0
297,0.0,anti,1.0,100.0,1,1
298,0.0,pro,2.0,90.0,0,1
299,1.0,pro,3.0,80.0,0,0
300,,,2.0,61.0,0,0
301,0.0,pro,3.0,90.0,0,0
302,1.0,pro,2.0,85.0,0,1
303,1.0,pro,3.0,60.0,1,0
304,1.0,pro,3.0,82.0,0,0
305,0.0,pro,3.0,54.0,0,0
306,0.0,pro,2.0,75.0,0,0
307,1.0,pro,3.0,44.0,0,0
308,0.0,pro,2.0,80.0,0,0
309,1.0,pro,1.0,100.0,0,0
310,1.0,pro,3.0,100.0,0,1
311,0.0,pro,3.0,73.0,0,0
312,1.0,anti,3.0,100.0,0,0
313,0.0,pro,1.0,100.0,0,0
314,0.0,pro,2.0,83.0,0,0
315,1.0,pro,3.0,90.0,0,1
316,1.0,pro,4.0,51.0,0,0
317,1.0,pro,5.0,65.0,0,1
318,0.0,pro,5.0,40.0,0,0
319,0.0,pro,1.0,100.0,0,0
320,0.0,pro,3.0,78.0,0,0
321,0.0,pro,4.0,65.0,0,0
322,0.0,pro,2.0,85.0,1,0
323,1.0,pro,1.0,76.0,0,1
324,0.0,pro,4.0,50.0,0,0
325,1.0,pro,3.0,77.0,0,0
326,0.0,pro,2.0,70.0,0,0
327,1.0,pro,5.0,49.0,0,0
328,1.0,anti,2.0,91.0,0,0
329,0.0,pro,2.0,100.0,0,0
330,1.0,pro,1.0,89.0,1,0
331,1.0,anti,3.0,34.0,0,0
332,0.0,pro,1.0,100.0,0,0
333,0.0,pro,1.0,100.0,0,0
334,0.0,pro,2.0,65.0,0,0
335,1.0,pro,6.0,59.0,0,0
336,1.0,pro,1.0,100.0,0,0
337,1.0,pro,3.0,51.0,0,0
338,1.0,anti,4.0,61.0,0,0
339,0.0,pro,2.0,60.0,0,0
340,1.0,pro,5.0,51.0,0,1
341,1.0,pro,5.0,38.0,0,0
342,1.0,anti,5.0,64.0,0,0
343,0.0,pro,1.0,100.0,1,0
344,1.0,anti,2.0,91.0,0,0
345,1.0,pro,3.0,75.0,1,1
346,1.0,pro,3.0,60.0,0,1
347,1.0,pro,5.0,60.0,0,0
348,1.0,pro,2.0,75.0,1,1
349,1.0,pro,6.0,90.0,0,1
350,0.0,pro,3.0,72.0,0,0
351,0.0,pro,2.0,89.0,0,0
352,0.0,pro,2.0,90.0,0,1
353,0.0,pro,2.0,67.0,0,0
354,1.0,pro,2.0,91.0,0,1
355,0.0,pro,2.0,100.0,0,0
356,1.0,pro,1.0,100.0,0,0
357,0.0,pro,2.0,95.0,0,0
358,1.0,pro,5.0,24.0,0,1
359,1.0,anti,7.0,100.0,0,1
360,0.0,pro,2.0,94.0,0,0
361,0.0,pro,1.0,100.0,0,0
362,0.0,pro,1.0,100.0,1,0
363,1.0,pro,3.0,50.0,0,0
364,1.0,pro,3.0,75.0,0,0
365,1.0,pro,6.0,70.0,0,1
366,0.0,pro,4.0,75.0,0,0
367,0.0,pro,3.0,70.0,1,0
368,0.0,pro,3.0,85.0,0,0
369,1.0,pro,3.0,85.0,0,1
370,1.0,pro,1.0,100.0,0,1
371,1.0,pro,5.0,80.0,0,1
372,0.0,pro,2.0,90.0,1,0
373,1.0,pro,1.0,100.0,1,1
374,0.0,pro,2.0,100.0,0,0
375,0.0,anti,6.0,80.0,0,0
376,1.0,pro,1.0,95.0,1,0
377,0.0,pro,2.0,100.0,0,0
378,0.0,pro,2.0,88.0,0,0
379,0.0,pro,3.0,81.0,0,0
380,1.0,pro,5.0,70.0,0,1
381,1.0,pro,4.0,72.0,0,0
382,0.0,pro,2.0,100.0,0,0
383,0.0,pro,2.0,81.0,0,0
384,1.0,pro,2.0,76.0,1,0
385,1.0,pro,2.0,80.0,0,0
386,0.0,pro,3.0,66.0,0,0
387,1.0,pro,5.0,15.0,0,0
388,0.0,pro,2.0,80.0,0,0
389,0.0,pro,5.0,50.0,0,0
390,0.0,pro,3.0,67.0,0,0
391,1.0,pro,2.0,75.0,0,0
392,1.0,pro,3.0,87.0,1,0
393,1.0,pro,4.0,72.0,0,0
394,0.0,pro,3.0,60.0,1,0
395,0.0,pro,5.0,70.0,0,0
396,1.0,anti,2.0,69.0,0,0
397,0.0,pro,2.0,80.0,0,0
398,1.0,pro,1.0,90.0,1,1
399,1.0,pro,2.0,100.0,1,1
400,0.0,pro,1.0,83.0,0,0
401,0.0,pro,1.0,100.0,0,0
402,1.0,pro,6.0,70.0,0,1
403,1.0,pro,3.0,80.0,0,0
404,0.0,pro,3.0,80.0,0,0
405,0.0,pro,2.0,90.0,0,0
406,1.0,pro,3.0,59.0,0,0
407,0.0,anti,2.0,80.0,0,0
408,0.0,pro,1.0,75.0,0,0
409,1.0,pro,3.0,77.0,0,0
410,1.0,pro,4.0,50.0,0,0
411,1.0,pro,3.0,90.0,1,0
412,1.0,pro,3.0,25.0,0,1
413,0.0,pro,1.0,100.0,0,0
414,0.0,pro,4.0,77.0,0,0
415,1.0,pro,5.0,75.0,0,1
416,0.0,pro,3.0,61.0,0,0
417,0.0,pro,2.0,71.0,0,0
418,0.0,pro,3.0,68.0,0,1
419,1.0,pro,4.0,60.0,0,0
420,1.0,pro,5.0,66.0,0,1
421,0.0,pro,5.0,75.0,0,0
422,1.0,anti,6.0,50.0,0,0
423,1.0,anti,3.0,80.0,0,1
424,1.0,pro,1.0,93.0,1,0
425,0.0,pro,4.0,0.0,0,0
426,1.0,pro,3.0,100.0,0,0
427,1.0,pro,4.0,80.0,0,0
428,0.0,anti,3.0,92.0,0,0
429,0.0,pro,4.0,66.0,0,0
430,0.0,pro,3.0,90.0,0,0
431,1.0,pro,3.0,60.0,1,0
432,1.0,pro,1.0,100.0,0,0
433,0.0,pro,4.0,80.0,0,0
434,0.0,anti,2.0,86.0,0,0
435,1.0,pro,7.0,93.0,0,0
436,1.0,pro,,,0,0
437,0.0,pro,,,0,0
438,0.0,anti,4.0,86.0,0,0
439,0.0,pro,3.0,50.0,0,0
440,0.0,pro,,,0,0
441,1.0,pro,,,0,0
442,,,,,0,0
443,,,,,0,0
444,1.0,pro,,,0,0
445,1.0,pro,,,0,0
446,1.0,anti,1.0,97.0,0,0
447,0.0,pro,2.0,80.0,0,0
448,1.0,pro,,,0,0
449,1.0,pro,2.0,64.0,0,0
